{
  "verdict": "PASS",
  "coldResults": {
    "p50": 64.10604200000012,
    "p95": 101.89562500000011,
    "p99": 823.256083,
    "qps": 15.588311312087173,
    "errors": 0
  },
  "steadyResults": {
    "p50": 1.4311670000001868,
    "p95": 2.9148339999997006,
    "p99": 9.968667000000096,
    "qps": 603.2514790682204,
    "errors": 0
  },
  "targets": {
    "p50": 200,
    "p95": 800,
    "p99": 2000,
    "qps": 5
  }
}